{
  "concept_name": "safety",
  "best_layer": 32,
  "mean_margin": 2.5028278827667236,
  "ci_low": 0.9628763066317014,
  "ci_high": 4.042779458901746,
  "cohens_d": 0.2826689663722186
}
