{
  "concept_name": "safety",
  "best_layer": 28,
  "mean_margin": 25.87920379638672,
  "ci_low": 20.228881160743576,
  "ci_high": 31.52952643202986,
  "cohens_d": 0.7965845421400002
}
